Period,Mean_Return,Variance,Target_Return
1,-0.000385123,0.000477935,0
2,0.00667558,0.000395598,0
3,0.0124597,0.00105755,0
4,0.00269421,0.000648063,0
5,0.00904297,0.000692588,0
6,-0.0121908,0.000874669,0
7,-0.00323234,0.000803141,0
8,0.00414467,0.00122901,0
9,0.0166303,0.00104591,0
10,0.00763267,0.000399748,0
11,0.00466936,0.000335916,0
12,-0.0086606,0.00132599,0
13,0.0145606,0.000434452,0
14,-0.00196028,0.00118946,0
15,0.00389865,0.000903718,0
16,0.0110473,0.00148829,0
17,0.00551468,0.000913779,0
18,0.0078289,0.00199566,0
19,0.012114,0.00299075,0
20,-0.00487518,0.00964474,0
21,-0.0561659,0.00628797,0
22,0.00233324,0.00432603,0
23,0.00999864,0.00100403,0
24,-0.000151664,0.000693157,0
25,-0.00424899,0.000996137,0
26,0.00101342,0.00102074,0
27,-0.00153079,0.000527562,0
28,-0.0060059,0.000488159,0
29,0.000427748,0.00109564,0
30,0.00720091,0.000285633,0
31,0.00947797,0.000598034,0
32,-0.00259024,0.000805664,0
33,-0.00633281,0.00102296,0
34,-0.00273522,0.000843296,0
35,0.0030519,0.00137154,0
36,0.00231639,0.000251636,0
37,-0.00883902,0.000698771,0
38,0.0100407,0.000334689,0
39,-0.00877928,0.000192319,0
40,0.00773008,0.000379246,0
41,0.00315958,0.000478995,0
42,0.00412978,0.000974317,0
43,-0.00114299,0.000615106,0
44,0.00795144,0.000778854,0
45,-0.000214416,0.000241645,0
46,0.00101082,0.00233302,0
47,0.0100369,0.000761152,0
48,0.00270517,0.000766328,0
49,-0.000748665,0.000215039,0
50,0.00750076,0.000758811,0

1,0.00695646,0.00101382,0.005
2,0.00458216,0.000198094,0.005
3,0.0102824,0.000614129,0.005
4,0.00379206,0.000237111,0.005
5,0.0168328,0.000787394,0.005
6,-0.00410132,0.000253113,0.005
7,-0.00451281,0.000391081,0.005
8,0.00335036,0.00200514,0.005
9,0.0108104,0.000361907,0.005
10,0.00550416,0.000379247,0.005
11,0.0140134,0.000891356,0.005
12,-0.00786891,0.001279,0.005
13,0.00642737,0.00102277,0.005
14,0.00308779,0.00181942,0.005
15,0.00938353,0.00125732,0.005
16,0.0117452,0.000974546,0.005
17,0.00641841,0.00148463,0.005
18,0.00399611,0.00394662,0.005
19,-0.00351773,0.00825505,0.005
20,-0.00557747,0.0144439,0.005
21,-0.0458438,0.00260253,0.005
22,-4.38118e-05,0.00378423,0.005
23,-0.0023409,0.00102057,0.005
24,-0.00252343,0.00163185,0.005
25,-0.00426514,0.00205146,0.005
26,0.00204481,0.0014937,0.005
27,-0.00583297,0.000652794,0.005
28,-0.0108246,0.000597662,0.005
29,0.00121108,0.000734632,0.005
30,0.00177336,0.000547669,0.005
31,0.00951625,0.000718882,0.005
32,-0.0110534,0.00213358,0.005
33,0.00249056,0.00125716,0.005
34,0.00255335,0.00172355,0.005
35,0.00830922,0.00159849,0.005
36,-0.00171879,0.000251595,0.005
37,-0.00746221,0.000712617,0.005
38,0.0140954,0.000970161,0.005
39,-0.0121963,0.000712099,0.005
40,0.00785131,0.000571886,0.005
41,0.00755534,0.000598907,0.005
42,0.0134922,0.000829081,0.005
43,0.00110277,0.00112391,0.005
44,0.00655972,0.000798618,0.005
45,0.00361538,0.000459443,0.005
46,0.00531665,0.00219053,0.005
47,-0.000750398,0.00054992,0.005
48,0.00441623,0.000983728,0.005
49,0.00297753,0.000375542,0.005
50,0.0108129,0.00146997,0.005

1,0.0143693,0.0017503,0.01
2,0.0024873,0.000403623,0.01
3,0.00769814,0.00038065,0.01
4,0.00483428,0.000441378,0.01
5,0.0245729,0.00143071,0.01
6,0.00362605,0.000677892,0.01
7,-0.00490583,0.000701268,0.01
8,0.00252853,0.00386243,0.01
9,0.00506592,0.00062141,0.01
10,0.00423943,0.00113171,0.01
11,0.0230835,0.00285735,0.01
12,-0.00640309,0.00324145,0.01
13,-0.00135661,0.00226293,0.01
14,0.00834028,0.00308908,0.01
15,0.0146292,0.00241956,0.01
16,0.0129607,0.00119257,0.01
17,0.00724186,0.00315687,0.01
18,0.000252448,0.0101231,0.01
19,-0.0191269,0.0197623,0.01
20,-0.00605625,0.0216977,0.01
21,-0.0348929,0.008825,0.01
22,-0.00236418,0.00459816,0.01
23,-0.014596,0.00226747,0.01
24,-0.00487467,0.00322718,0.01
25,-0.00430125,0.00372178,0.01
26,0.0030916,0.00233221,0.01
27,-0.00976339,0.00127446,0.01
28,-0.0154163,0.00088792,0.01
29,0.00209428,0.00064699,0.01
30,-0.00438564,0.00116944,0.01
31,0.00908197,0.00187217,0.01
32,-0.0194345,0.00513715,0.01
33,0.0114167,0.00200015,0.01
34,0.00795644,0.0033462,0.01
35,0.0136964,0.00204458,0.01
36,-0.00584647,0.000455103,0.01
37,-0.00602019,0.00101695,0.01
38,0.0180495,0.00217356,0.01
39,-0.0146046,0.00214597,0.01
40,0.00802413,0.00119472,0.01
41,0.0120028,0.00100568,0.01
42,0.0230633,0.000979709,0.01
43,0.00248794,0.00247544,0.01
44,0.00495538,0.00127754,0.01
45,0.00758385,0.00109607,0.01
46,0.00943799,0.00231833,0.01
47,-0.012958,0.00130954,0.01
48,0.0050948,0.00174917,0.01
49,0.00513845,0.00151592,0.01
50,0.0143896,0.0029316,0.01

1,0.0218702,0.00265113,0.015
2,0.000551541,0.00107533,0.015
3,0.00502759,0.000401193,0.015
4,0.00578795,0.00127457,0.015
5,0.0324652,0.00265086,0.015
6,0.0114409,0.00211078,0.015
7,-0.00623943,0.00163524,0.015
8,0.00207597,0.00678733,0.015
9,-0.000411767,0.00174392,0.015
10,0.00237335,0.00262475,0.015
11,0.0325279,0.00629577,0.015
12,-0.00515938,0.00729862,0.015
13,-0.00944536,0.0041723,0.015
14,0.013723,0.00498155,0.015
15,0.0204813,0.00429864,0.015
16,0.0146092,0.00213105,0.015
17,0.00810538,0.00595983,0.015
18,-0.00361818,0.0200674,0.015
19,-0.034778,0.0377553,0.015
20,-0.00844287,0.0297958,0.015
21,-0.0233984,0.0249416,0.015
22,-0.00544082,0.00666874,0.015
23,-0.0268704,0.00470714,0.015
24,-0.00685465,0.00539761,0.015
25,-0.00429165,0.00609101,0.015
26,0.00414593,0.00354488,0.015
27,-0.0131579,0.00231654,0.015
28,-0.0201179,0.00138532,0.015
29,0.00301859,0.000904268,0.015
30,-0.0105029,0.00220655,0.015
31,0.00885872,0.00402407,0.015
32,-0.0279123,0.00981115,0.015
33,0.0202523,0.00327548,0.015
34,0.0134126,0.00572158,0.015
35,0.0189994,0.00267512,0.015
36,-0.0101499,0.000836378,0.015
37,-0.00456045,0.00161161,0.015
38,0.0216172,0.00395254,0.015
39,-0.0167514,0.0043636,0.015
40,0.00825495,0.00224439,0.015
41,0.0165831,0.00166592,0.015
42,0.0324985,0.00145596,0.015
43,0.00391236,0.00462102,0.015
44,0.00313135,0.00221013,0.015
45,0.0115079,0.00206967,0.015
46,0.0133633,0.00287051,0.015
47,-0.025434,0.0030387,0.015
48,0.00572896,0.00300457,0.015
49,0.00772569,0.00364142,0.015
50,0.0174579,0.00507922,0.015

1,0.0292799,0.00380424,0.02
2,-0.00195211,0.00178633,0.02
3,0.00238718,0.000703193,0.02
4,0.00692511,0.00270165,0.02
5,0.0400281,0.00437461,0.02
6,0.019366,0.00456068,0.02
7,-0.00685346,0.00313405,0.02
8,0.001203,0.0109201,0.02
9,-0.00586644,0.00374107,0.02
10,0.000465716,0.00465437,0.02
11,0.0416562,0.0110063,0.02
12,-0.00424729,0.0133951,0.02
13,-0.0176022,0.00675667,0.02
14,0.0189097,0.00747521,0.02
15,0.026188,0.00707143,0.02
16,0.0161504,0.00374826,0.02
17,0.00916564,0.00985687,0.02
18,-0.00765277,0.0343957,0.02
19,-0.050361,0.062063,0.02
20,-0.00727631,0.0428641,0.02
21,-0.0128451,0.0503139,0.02
22,-0.00832226,0.0100359,0.02
23,-0.0390505,0.00833728,0.02
24,-0.00965038,0.00839091,0.02
25,-0.00427342,0.00901158,0.02
26,0.00557851,0.00521971,0.02
27,-0.0174257,0.00400838,0.02
28,-0.0249864,0.00211139,0.02
29,0.00387268,0.00147415,0.02
30,-0.0164634,0.0036137,0.02
31,0.00862132,0.00704108,0.02
32,-0.0363853,0.0161508,0.02
33,0.0290204,0.00504302,0.02
34,0.0187586,0.00888964,0.02
35,0.0242799,0.00352001,0.02
36,-0.0143682,0.00147016,0.02
37,-0.00312624,0.00249144,0.02
38,0.0262525,0.00661809,0.02
39,-0.0198459,0.00736605,0.02
40,0.00850347,0.00372243,0.02
41,0.0213092,0.00257287,0.02
42,0.0420974,0.00222011,0.02
43,0.00568343,0.00758821,0.02
44,0.00147187,0.0035831,0.02
45,0.015127,0.00367263,0.02
46,0.0171878,0.00387545,0.02
47,-0.0379335,0.00574344,0.02
48,0.00643876,0.00470141,0.02
49,0.00963223,0.00706633,0.02
50,0.0207165,0.00795522,0.02

1,0.0365773,0.00517691,0.025
2,-0.00364039,0.00350074,0.025
3,-0.000298889,0.00127564,0.025
4,0.00776758,0.00468657,0.025
5,0.0484466,0.00686176,0.025
6,0.0270843,0.00830867,0.025
7,-0.00692529,0.00518178,0.025
8,0.000490872,0.0161904,0.025
9,-0.0113482,0.00660547,0.025
10,-0.00145438,0.00733902,0.025
11,0.0506892,0.0171325,0.025
12,-0.00314572,0.0215115,0.025
13,-0.025883,0.0100134,0.025
14,0.0244174,0.0106113,0.025
15,0.0323518,0.0102352,0.025
16,0.0175224,0.0060704,0.025
17,0.00986939,0.0148562,0.025
18,-0.0117723,0.052029,0.025
19,-0.065954,0.0914208,0.025
20,-0.00816898,0.0569285,0.025
21,-0.00229598,0.085588,0.025
22,-0.0111214,0.0146596,0.025
23,-0.0514702,0.0132224,0.025
24,-0.0121684,0.0120291,0.025
25,-0.00441874,0.0119855,0.025
26,0.00625765,0.00706321,0.025
27,-0.0206157,0.0059379,0.025
28,-0.0298641,0.00304843,0.025
29,0.00471784,0.00232785,0.025
30,-0.0223565,0.00540497,0.025
31,0.00862487,0.010937,0.025
32,-0.0447881,0.0241683,0.025
33,0.0378384,0.00733622,0.025
34,0.0241103,0.0128173,0.025
35,0.0295595,0.00457608,0.025
36,-0.0186668,0.00227907,0.025
37,-0.00173263,0.00367194,0.025
38,0.0302116,0.00972808,0.025
39,-0.0225162,0.0112131,0.025
40,0.00886751,0.00557823,0.025
41,0.0258289,0.00373728,0.025
42,0.0516076,0.00329605,0.025
43,0.00771584,0.011366,0.025
44,-0.000383796,0.00541887,0.025
45,0.018826,0.00562839,0.025
46,0.0211317,0.00519155,0.025
47,-0.0493983,0.00929044,0.025
48,0.00717199,0.00688784,0.025
49,0.0134593,0.0113249,0.025
50,0.0244959,0.0114919,0.025

1,0.0437089,0.00687651,0.03
2,-0.00585089,0.00502623,0.03
3,-0.00307821,0.00210859,0.03
4,0.00875989,0.00730542,0.03
5,0.0558714,0.00967966,0.03
6,0.0352371,0.0127321,0.03
7,-0.00735435,0.00782684,0.03
8,0.000121149,0.0224492,0.03
9,-0.0169036,0.010332,0.03
10,-0.00346903,0.0107553,0.03
11,0.0595112,0.0242853,0.03
12,-0.00190482,0.0318593,0.03
13,-0.033694,0.0139323,0.03
14,0.0298637,0.0143387,0.03
15,0.0375555,0.0151206,0.03
16,0.0189226,0.00906617,0.03
17,0.0102443,0.0209318,0.03
18,-0.0158227,0.0741664,0.03
19,-0.0816076,0.124492,0.03
20,-0.009141,0.0731813,0.03
21,0.0110995,0.132149,0.03
22,-0.0139384,0.0207422,0.03
23,-0.0636226,0.0192056,0.03
24,-0.0144549,0.016202,0.03
25,-0.00444706,0.0159447,0.03
26,0.0080189,0.00942718,0.03
27,-0.0250778,0.00872865,0.03
28,-0.0347205,0.00418082,0.03
29,0.00555274,0.003453,0.03
30,-0.0282391,0.00757587,0.03
31,0.00835533,0.0161948,0.03
32,-0.0532567,0.0338513,0.03
33,0.0468054,0.0101961,0.03
34,0.0294984,0.0175038,0.03
35,0.0348998,0.00582522,0.03
36,-0.022897,0.00335376,0.03
37,-0.000310566,0.00512638,0.03
38,0.0342692,0.013481,0.03
39,-0.0248281,0.0158757,0.03
40,0.00896981,0.00798526,0.03
41,0.030386,0.00515954,0.03
42,0.0611437,0.00468169,0.03
43,0.00921329,0.0159611,0.03
44,-0.00206277,0.00764997,0.03
45,0.0227598,0.00747001,0.03
46,0.0245558,0.00702187,0.03
47,-0.0610036,0.0137831,0.03
48,0.0078883,0.00957389,0.03
49,0.0145134,0.0167506,0.03
50,0.0272899,0.0158721,0.03

1,0.050999,0.00887764,0.035
2,-0.00809828,0.00695188,0.035
3,-0.00547708,0.00326494,0.035
4,0.00984677,0.0105606,0.035
5,0.06289,0.0128551,0.035
6,0.042945,0.018893,0.035
7,-0.00752046,0.0110238,0.035
8,-0.000433716,0.0298952,0.035
9,-0.0223401,0.0149827,0.035
10,-0.00524746,0.0141756,0.035
11,0.0688108,0.0332581,0.035
12,-0.000943691,0.0440686,0.035
13,-0.0421599,0.018522,0.035
14,0.034983,0.0187194,0.035
15,0.0431784,0.0203474,0.035
16,0.0203081,0.0128192,0.035
17,0.0124239,0.0280267,0.035
18,-0.0200405,0.101245,0.035
19,-0.0970121,0.171887,0.035
20,-0.0102259,0.0916245,0.035
21,0.0226489,0.187764,0.035
22,-0.0172257,0.0276342,0.035
23,-0.0758309,0.0264555,0.035
24,-0.0168713,0.0210852,0.035
25,-0.00446853,0.0205067,0.035
26,0.00823007,0.0120745,0.035
27,-0.0289568,0.0118493,0.035
28,-0.0392914,0.00523287,0.035
29,0.00581119,0.00465482,0.035
30,-0.0339276,0.0100104,0.035
31,0.0084304,0.0217303,0.035
32,-0.0618217,0.0451507,0.035
33,0.0555132,0.0134676,0.035
34,0.0352507,0.022919,0.035
35,0.0401529,0.00731,0.035
36,-0.0271043,0.00462967,0.035
37,0.00108821,0.00689664,0.035
38,0.0377578,0.0176327,0.035
39,-0.0272917,0.0213847,0.035
40,0.00932378,0.010678,0.035
41,0.0349924,0.00683321,0.035
42,0.0708018,0.00634724,0.035
43,0.0109386,0.0213631,0.035
44,-0.00384603,0.0104333,0.035
45,0.0269071,0.0112447,0.035
46,0.0285741,0.00902646,0.035
47,-0.0737439,0.0196081,0.035
48,0.00862614,0.0127067,0.035
49,0.0167825,0.0234163,0.035
50,0.0306892,0.0208883,0.035

1,0.0582933,0.0112128,0.04
2,-0.00998343,0.00992186,0.04
3,-0.00805012,0.00462459,0.04
4,0.0109238,0.0144393,0.04
5,0.070336,0.0166882,0.04
6,0.0507302,0.025502,0.04
7,-0.00796398,0.0149011,0.04
8,-0.000167706,0.0377414,0.04
9,-0.0278498,0.0204777,0.04
10,-0.00716222,0.0192995,0.04
11,0.0778678,0.043379,0.04
12,-3.73855e-05,0.0581928,0.04
13,-0.0503202,0.0237806,0.04
14,0.0405173,0.023702,0.04
15,0.0486766,0.0262718,0.04
16,0.0211812,0.0175066,0.04
17,0.0126622,0.0365275,0.04
18,-0.0241767,0.130326,0.04
19,-0.112561,0.221008,0.04
20,-0.0133436,0.108403,0.04
21,0.0308936,0.249461,0.04
22,-0.0201964,0.0359707,0.04
23,-0.0884188,0.035003,0.04
24,-0.018995,0.0264501,0.04
25,-0.00443078,0.0242201,0.04
26,0.00929605,0.0151124,0.04
27,-0.0330765,0.0156211,0.04
28,-0.044515,0.00706984,0.04
29,0.00702702,0.00654022,0.04
30,-0.039911,0.0130144,0.04
31,0.00807723,0.0291483,0.04
32,-0.0703013,0.0581436,0.04
33,0.0642913,0.0172985,0.04
34,0.0402792,0.029167,0.04
35,0.0453593,0.00903208,0.04
36,-0.0311577,0.00610758,0.04
37,0.00251653,0.00893588,0.04
38,0.0401477,0.0213298,0.04
39,-0.029229,0.0276974,0.04
40,0.00946385,0.0139078,0.04
41,0.0394551,0.00877218,0.04
42,0.0803752,0.00832822,0.04
43,0.0127357,0.0275802,0.04
44,-0.00559233,0.0136273,0.04
45,0.0307249,0.0146405,0.04
46,0.0320735,0.011507,0.04
47,-0.0848786,0.0258671,0.04
48,0.00946083,0.0162978,0.04
49,0.0192591,0.0310934,0.04
50,0.0338067,0.0266642,0.04

1,0.0654678,0.0137342,0.045
2,-0.0122977,0.0120913,0.045
3,-0.0107974,0.00624039,0.045
4,0.01176,0.0187794,0.045
5,0.0794311,0.0217924,0.045
6,0.0587413,0.0337865,0.045
7,-0.00844389,0.0193244,0.045
8,-0.00196838,0.0483805,0.045
9,-0.0333367,0.0268462,0.045
10,-0.00909719,0.0246242,0.045
11,0.0865801,0.0545761,0.045
12,0.00130568,0.074865,0.045
13,-0.0578843,0.02968,0.045
14,0.0456492,0.0293044,0.045
15,0.0544948,0.0332941,0.045
16,0.022599,0.0225926,0.045
17,0.0129253,0.0459147,0.045
18,-0.0290226,0.166622,0.045
19,-0.128261,0.278836,0.045
20,-0.0155933,0.129149,0.045
21,0.0430188,0.324607,0.045
22,-0.0230543,0.0456783,0.045
23,-0.100399,0.0444953,0.045
24,-0.021896,0.0329307,0.045
25,-0.00453784,0.0313797,0.045
26,0.0102203,0.0185365,0.045
27,-0.0366728,0.0197287,0.045
28,-0.0492846,0.0087977,0.045
29,0.00808523,0.00870591,0.045
30,-0.0457776,0.0163129,0.045
31,0.00824699,0.0363549,0.045
32,-0.0786705,0.0729032,0.045
33,0.0732833,0.0217904,0.045
34,0.0456522,0.0361353,0.045
35,0.0505931,0.0109124,0.045
36,-0.0355313,0.00781145,0.045
37,0.00392889,0.0112922,0.045
38,0.0452735,0.0279325,0.045
39,-0.0312114,0.0349721,0.045
40,0.00968371,0.0175327,0.045
41,0.0441775,0.010947,0.045
42,0.0897596,0.0106519,0.045
43,0.0153278,0.0345004,0.045
44,-0.00732273,0.0172706,0.045
45,0.0344529,0.0184412,0.045
46,0.0362507,0.0143947,0.045
47,-0.0962088,0.032968,0.045
48,0.010133,0.020632,0.045
49,0.0217867,0.0394573,0.045
50,0.0370711,0.0331025,0.045

1,0.0729203,0.0172054,0.05
2,-0.0142016,0.0161958,0.05
3,-0.013266,0.00822237,0.05
4,0.0127402,0.023806,0.05
5,0.0875052,0.0271033,0.05
6,0.068195,0.0395089,0.05
7,-0.00883392,0.024323,0.05
8,-0.0025347,0.0592151,0.05
9,-0.0388278,0.0340944,0.05
10,-0.0107155,0.030164,0.05
11,0.096226,0.0679193,0.05
12,0.00257045,0.0933351,0.05
13,-0.0669633,0.0363528,0.05
14,0.0514149,0.0354268,0.05
15,0.0599108,0.040765,0.05
16,0.0236308,0.0287041,0.05
17,0.0135975,0.0565019,0.05
18,-0.033795,0.205588,0.05
19,-0.143547,0.330635,0.05
20,-0.011148,0.164001,0.05
21,0.0575413,0.413919,0.05
22,-0.0256336,0.0571571,0.05
23,-0.11264,0.0553595,0.05
24,-0.0241203,0.0396587,0.05
25,-0.00437405,0.0392562,0.05
26,0.011256,0.022341,0.05
27,-0.0397323,0.0235587,0.05
28,-0.0542637,0.0107756,0.05
29,0.00891126,0.0111397,0.05
30,-0.0516416,0.0200092,0.05
31,0.00784257,0.0459825,0.05
32,-0.0872623,0.0891321,0.05
33,0.0820169,0.026529,0.05
34,0.0515122,0.0436883,0.05
35,0.055837,0.013015,0.05
36,-0.0397821,0.00972784,0.05
37,0.00533727,0.0139318,0.05
38,0.0502798,0.0346362,0.05
39,-0.0349154,0.0427851,0.05
40,0.0101202,0.021462,0.05
41,0.0527019,0.0139884,0.05
42,0.0993181,0.0132464,0.05
43,0.0159323,0.0424624,0.05
44,-0.00904542,0.0213696,0.05
45,0.0386864,0.0230363,0.05
46,0.0397546,0.0176168,0.05
47,-0.107502,0.0410358,0.05
48,0.0108661,0.0250602,0.05
49,0.0241128,0.0495285,0.05
50,0.0405485,0.0402625,0.05

1,0.0802226,0.0205721,0.055
2,-0.0159101,0.0205183,0.055
3,-0.015959,0.0105383,0.055
4,0.0137338,0.0294424,0.055
5,0.0949727,0.0326269,0.055
6,0.0751529,0.0509105,0.055
7,-0.00885681,0.0298282,0.055
8,-0.00262502,0.070857,0.055
9,-0.0440924,0.0420775,0.055
10,-0.0119871,0.0361461,0.055
11,0.105393,0.0825095,0.055
12,0.00339369,0.113702,0.055
13,-0.074825,0.0436414,0.055
14,0.0565326,0.0423772,0.055
15,0.0657687,0.0494915,0.055
16,0.0248005,0.0354789,0.055
17,0.0142491,0.0678949,0.055
18,-0.0369139,0.246477,0.055
19,-0.159414,0.400326,0.055
20,-0.0160437,0.184768,0.055
21,0.0641014,0.502039,0.055
22,-0.0288191,0.0687426,0.055
23,-0.124606,0.0674198,0.055
24,-0.0265166,0.0472014,0.055
25,-0.00442674,0.0458067,0.055
26,0.0123399,0.0265024,0.055
27,-0.0436995,0.028911,0.055
28,-0.0591325,0.0129316,0.055
29,0.0097539,0.0138044,0.055
30,-0.0575748,0.0241797,0.055
31,0.00826259,0.054017,0.055
32,-0.0954184,0.107176,0.055
33,0.0912394,0.0322431,0.055
34,0.0563891,0.0524068,0.055
35,0.0611291,0.01531,0.055
36,-0.0442632,0.0119362,0.055
37,0.00677922,0.0168006,0.055
38,0.0543896,0.0415673,0.055
39,-0.0366127,0.0515746,0.055
40,0.0101352,0.0260322,0.055
41,0.0528946,0.016122,0.055
42,0.108865,0.0161519,0.055
43,0.0179999,0.051098,0.055
44,-0.0108351,0.0259382,0.055
45,0.0401608,0.0261551,0.055
46,0.0438877,0.021307,0.055
47,-0.117955,0.050053,0.055
48,0.0117398,0.030114,0.055
49,0.0265783,0.060334,0.055
50,0.0436314,0.0482058,0.055

1,0.0871585,0.0231595,0.06
2,-0.0178987,0.0248376,0.06
3,-0.0201865,0.0134553,0.06
4,0.0149215,0.0358644,0.06
5,0.100797,0.0377903,0.06
6,0.0823245,0.0639573,0.06
7,-0.0106706,0.0363738,0.06
8,-0.00351309,0.0840988,0.06
9,-0.0501949,0.0511186,0.06
10,-0.0147937,0.0444226,0.06
11,0.114193,0.0973742,0.06
12,0.00458912,0.136317,0.06
13,-0.0825613,0.0514842,0.06
14,0.0616454,0.0498236,0.06
15,0.0711367,0.0585176,0.06
16,0.0272592,0.0412657,0.06
17,0.0153436,0.0807606,0.06
18,-0.0406363,0.290876,0.06
19,-0.174653,0.469379,0.06
20,-0.0150019,0.219194,0.06
21,0.0790842,0.610962,0.06
22,-0.031659,0.0823289,0.06
23,-0.13725,0.080764,0.06
24,-0.0285041,0.0549411,0.06
25,-0.00460495,0.0522861,0.06
26,0.0135018,0.0309662,0.06
27,-0.0490531,0.0359286,0.06
28,-0.0639826,0.0152995,0.06
29,0.00976236,0.0161503,0.06
30,-0.0632644,0.0281842,0.06
31,0.00841068,0.064449,0.06
32,-0.10409,0.126942,0.06
33,0.0998683,0.0380745,0.06
34,0.0617672,0.0616825,0.06
35,0.0663911,0.0179656,0.06
36,-0.0483254,0.0142261,0.06
37,0.00813524,0.0200593,0.06
38,0.0584097,0.0490312,0.06
39,-0.0401199,0.061185,0.06
40,0.0103585,0.030947,0.06
41,0.0577929,0.0190155,0.06
42,0.118629,0.0192936,0.06
43,0.0202855,0.060543,0.06
44,-0.0125512,0.0309453,0.06
45,0.0457607,0.0326374,0.06
46,0.0478903,0.0253884,0.06
47,-0.13079,0.0611872,0.06
48,0.0124871,0.0356725,0.06
49,0.0291846,0.0722613,0.06
50,0.0467798,0.0567907,0.06

1,0.0943567,0.0270418,0.065
2,-0.0203754,0.028483,0.065
3,-0.0210992,0.0156633,0.065
4,0.0159614,0.0427165,0.065
5,0.108212,0.0442367,0.065
6,0.0908213,0.0745254,0.065
7,-0.0106145,0.043121,0.065
8,-0.00256475,0.0969601,0.065
9,-0.05516,0.0610879,0.065
10,-0.0170367,0.0524983,0.065
11,0.121031,0.111524,0.065
12,0.00527731,0.160223,0.065
13,-0.0913413,0.0601612,0.065
14,0.0672311,0.0579189,0.065
15,0.0769685,0.0680917,0.065
16,0.0269472,0.0510973,0.065
17,0.0164663,0.0947528,0.065
18,-0.0450966,0.343775,0.065
19,-0.190117,0.549078,0.065
20,-0.01352,0.255889,0.065
21,0.0895326,0.722616,0.065
22,-0.0345141,0.0973205,0.065
23,-0.149518,0.0952021,0.065
24,-0.0319771,0.0648864,0.065
25,-0.00455845,0.0608269,0.065
26,0.0145288,0.0358512,0.065
27,0.280416,4.76493,0.065
28,-0.0688664,0.0178518,0.065
29,0.0114268,0.0200374,0.065
30,-0.0691537,0.0329294,0.065
31,0.00743897,0.0784873,0.065
32,-0.112699,0.148104,0.065
33,0.10852,0.0442299,0.065
34,0.0671976,0.0716939,0.065
35,0.0717523,0.0208336,0.065
36,-0.0525528,0.0168041,0.065
37,0.0095673,0.0235184,0.065
38,0.061371,0.0563571,0.065
39,-0.0421172,0.0716569,0.065
40,0.0103264,0.0365275,0.065
41,0.0622092,0.0222041,0.065
42,0.127986,0.0228597,0.065
43,0.0225948,0.0706164,0.065
44,-0.0145025,0.0362862,0.065
45,0.0482436,0.0371262,0.065
46,0.0517651,0.0298259,0.065
47,-0.142391,0.0721478,0.065
48,0.013154,0.0417103,0.065
49,0.0326333,0.0845238,0.065
50,0.0508291,0.0658327,0.065

1,0.101632,0.0312927,0.07
2,-0.0242214,0.0286231,0.07
3,-0.0237899,0.0188047,0.07
4,0.0172334,0.0505728,0.07
5,0.118321,0.0531256,0.07
6,0.0981648,0.0898093,0.07
7,-0.0102701,0.0503153,0.07
8,-0.00482847,0.113871,0.07
9,-0.0608229,0.071835,0.07
10,-0.0187758,0.0614419,0.07
11,0.128896,0.127036,0.07
12,0.00660531,0.187304,0.07
13,-0.0993766,0.0694194,0.07
14,0.0727639,0.0665022,0.07
15,0.0826658,0.0799415,0.07
16,0.0285616,0.0596592,0.07
17,0.0171641,0.109553,0.07
18,-0.0519009,0.400343,0.07
19,-0.206078,0.652514,0.07
20,-0.0171332,0.286312,0.07
21,0.0986745,0.843459,0.07
22,-0.0379594,0.11315,0.07
23,-0.161563,0.110765,0.07
24,-0.0356944,0.0757151,0.07
25,-0.0045528,0.0697103,0.07
26,0.0155532,0.0411082,0.07
27,-0.0555657,0.0475057,0.07
28,-0.0737082,0.0206343,0.07
29,0.0122622,0.0236066,0.07
30,-0.0750677,0.0380847,0.07
31,0.00735926,0.0913809,0.07
32,-0.121179,0.171099,0.07
33,0.117597,0.051571,0.07
34,0.0731932,0.0825556,0.07
35,0.0768442,0.0235789,0.07
36,-0.056959,0.019595,0.07
37,0.0109834,0.0273308,0.07
38,0.0663341,0.0657038,0.07
39,-0.0430884,0.082955,0.07
40,0.0104363,0.0424626,0.07
41,0.0671917,0.025689,0.07
42,0.137636,0.0266424,0.07
43,0.0232547,0.0819224,0.07
44,-0.0159725,0.0423197,0.07
45,0.0534154,0.0444474,0.07
46,0.0554808,0.0346247,0.07
47,-0.153883,0.0841554,0.07
48,0.0140513,0.0481908,0.07
49,0.0339768,0.0992065,0.07
50,0.0535932,0.0761064,0.07

1,0.108835,0.0351986,0.075
2,-0.0254865,0.0353977,0.075
3,-0.02646,0.0221404,0.075
4,0.0183011,0.0587039,0.075
5,0.12607,0.0610537,0.075
6,0.106624,0.106686,0.075
7,-0.0100523,0.0577147,0.075
8,-0.00506074,0.130041,0.075
9,-0.0663961,0.0834993,0.075
10,-0.0193376,0.0707897,0.075
11,0.141784,0.153313,0.075
12,0.00742048,0.215344,0.075
13,-0.107464,0.0793376,0.075
14,0.0770671,0.075881,0.075
15,0.0889127,0.088518,0.075
16,0.0303448,0.0685648,0.075
17,0.017089,0.125525,0.075
18,-0.0551685,0.458744,0.075
19,-0.221658,0.745898,0.075
20,-0.0166799,0.326429,0.075
21,0.109712,0.975567,0.075
22,-0.0402914,0.130674,0.075
23,-0.174971,0.129817,0.075
24,-0.0346561,0.0824803,0.075
25,-0.00453196,0.0793886,0.075
26,0.0165492,0.0467788,0.075
27,-0.0580455,0.0526347,0.075
28,-0.0784337,0.0236293,0.075
29,0.0130981,0.0274778,0.075
30,-0.0809079,0.0436451,0.075
31,0.0141352,0.0980414,0.075
32,-0.129493,0.195954,0.075
33,0.126222,0.0585701,0.075
34,0.0779739,0.0940521,0.075
35,0.082374,0.0266031,0.075
36,-0.0608382,0.0225883,0.075
37,0.0123642,0.0314311,0.075
38,0.0703319,0.0750655,0.075
39,-0.0475949,0.094945,0.075
40,0.0107249,0.0485595,0.075
41,0.0712032,0.0294788,0.075
42,0.147038,0.0308124,0.075
43,0.0256332,0.0937903,0.075
44,-0.0178133,0.0487214,0.075
45,0.056777,0.0507387,0.075
46,0.0595389,0.0398814,0.075
47,-0.166346,0.0980285,0.075
48,0.0146521,0.0555539,0.075
49,0.0364236,0.114542,0.075
50,0.056695,0.0870167,0.075

1,0.116561,0.0422407,0.08
2,-0.0261751,0.0451898,0.08
3,-0.0290406,0.0253729,0.08
4,0.0187103,0.0666415,0.08
5,0.133653,0.0694152,0.08
6,0.113989,0.11997,0.08
7,-0.011214,0.066879,0.08
8,-0.00697259,0.148783,0.08
9,-0.071087,0.0955273,0.08
10,-0.0225629,0.0800473,0.08
11,0.150877,0.174381,0.08
12,0.0090972,0.246947,0.08
13,-0.116199,0.0900603,0.08
14,0.083272,0.0858814,0.08
15,0.0935851,0.103795,0.08
16,0.0315872,0.0787825,0.08
17,0.0181351,0.142982,0.08
18,-0.0581038,0.516835,0.08
19,-0.236903,0.837209,0.08
20,-0.0142684,0.372437,0.08
21,0.122303,1.11977,0.08
22,-0.0433541,0.148992,0.08
23,-0.186033,0.145685,0.08
24,-0.0386194,0.0946295,0.08
25,-0.00422261,0.0931012,0.08
26,0.0175299,0.0527722,0.08
27,-0.0632346,0.0621265,0.08
28,-0.0832785,0.0268109,0.08
29,0.0139339,0.0316511,0.08
30,-0.0868481,0.0496562,0.08
31,0.00718037,0.118564,0.08
32,-0.137955,0.222284,0.08
33,0.134776,0.0668444,0.08
34,0.083333,0.10642,0.08
35,0.0873625,0.0301441,0.08
36,-0.0650486,0.0258006,0.08
37,0.0138303,0.0358936,0.08
38,0.0744142,0.0850889,0.08
39,-0.0507823,0.107821,0.08
40,0.0111865,0.0548711,0.08
41,0.0754265,0.0334452,0.08
42,0.156968,0.0351061,0.08
43,0.026746,0.106532,0.08
44,-0.0192873,0.0554855,0.08
45,0.0596574,0.0570476,0.08
46,0.0621436,0.0451405,0.08
47,-0.14826,0.116881,0.08
48,0.0157197,0.0618236,0.08
49,0.0396106,0.130943,0.08
50,0.0595265,0.0985558,0.08

1,0.123408,0.0452299,0.085
2,-0.0286169,0.0504475,0.085
3,-0.0316498,0.0296759,0.085
4,0.0200328,0.0761861,0.085
5,0.138175,0.0756228,0.085
6,0.121646,0.13563,0.085
7,-0.0124428,0.0764215,0.085
8,-0.0070215,0.167037,0.085
9,-0.0772217,0.10897,0.085
10,-0.0244849,0.0906201,0.085
11,0.156241,0.190737,0.085
12,0.00955957,0.27866,0.085
13,-0.123789,0.101237,0.085
14,0.0869465,0.0962659,0.085
15,0.100364,0.114952,0.085
16,0.0352195,0.0871396,0.085
17,0.0192965,0.16094,0.085
18,-0.0623085,0.582493,0.085
19,-0.25221,0.92381,0.085
20,-0.0216444,0.401216,0.085
21,0.122007,1.26864,0.085
22,-0.0461996,0.168512,0.085
23,-0.198324,0.164798,0.085
24,-0.0412136,0.106219,0.085
25,-0.00422321,0.104843,0.085
26,0.0184252,0.0592,0.085
27,-0.0665661,0.069455,0.085
28,-0.0882786,0.030166,0.085
29,0.0147709,0.0361259,0.085
30,-0.0891274,0.0556647,0.085
31,0.00708252,0.13411,0.085
32,-0.146633,0.250035,0.085
33,0.143855,0.0750453,0.085
34,0.0895229,0.119339,0.085
35,0.0926877,0.0336306,0.085
36,-0.0694987,0.0292775,0.085
37,0.0151912,0.0403748,0.085
38,0.0763774,0.0936086,0.085
39,-0.0522741,0.121461,0.085
40,0.0118419,0.0615351,0.085
41,0.137863,0.129146,0.085
42,0.166629,0.0397279,0.085
43,0.0291693,0.120029,0.085
44,-0.0209537,0.062763,0.085
45,0.0647601,0.0654734,0.085
46,0.0684541,0.0516551,0.085
47,-0.18767,0.124418,0.085
48,0.0163043,0.0712206,0.085
49,0.0412383,0.147747,0.085
50,0.063156,0.110615,0.085

1,0.131205,0.0530295,0.09
2,-0.0311904,0.0546109,0.09
3,-0.0343412,0.0339565,0.09
4,0.0210474,0.0861716,0.09
5,0.149172,0.0880472,0.09
6,0.129695,0.154072,0.09
7,-0.0124442,0.0860326,0.09
8,-0.00642994,0.185617,0.09
9,-0.0825801,0.123396,0.09
10,-0.0265077,0.102068,0.09
11,0.168274,0.218833,0.09
12,0.0106207,0.313197,0.09
13,-0.131064,0.113059,0.09
14,0.0936337,0.107582,0.09
15,0.10485,0.13137,0.09
16,0.0333107,0.102326,0.09
17,0.0197372,0.180631,0.09
18,-0.0662118,0.654443,0.09
19,-0.26818,1.04493,0.09
20,-0.0227567,0.444656,0.09
21,0.145483,1.43687,0.09
22,-0.049027,0.189791,0.09
23,-0.210942,0.185677,0.09
24,-0.0434493,0.118157,0.09
25,-0.00414972,0.113646,0.09
26,0.019491,0.0658354,0.09
27,-0.0698011,0.0769634,0.09
28,-0.093106,0.0337793,0.09
29,0.0156119,0.0409018,0.09
30,-0.0985719,0.0624564,0.09
31,0.00688059,0.152057,0.09
32,-0.154883,0.279996,0.09
33,0.153559,0.0855341,0.09
34,0.0943784,0.133361,0.09
35,0.0978082,0.0374705,0.09
36,-0.0736896,0.0328939,0.09
37,0.0166489,0.0455895,0.09
38,0.08242,0.106844,0.09
39,-0.0551474,0.136094,0.09
40,0.0112736,0.0698795,0.09
41,0.085462,0.0420918,0.09
42,0.175677,0.0449857,0.09
43,0.0326143,0.133948,0.09
44,-0.0232168,0.0703195,0.09
45,0.0685505,0.0734039,0.09
46,0.0709913,0.0578268,0.09
47,-0.198503,0.140116,0.09
48,0.0171558,0.0789977,0.09
49,0.0436431,0.166395,0.09
50,0.0668613,0.1235,0.09

1,0.13791,0.0559756,0.095
2,-0.0324443,0.0638888,0.095
3,-0.0367727,0.0378683,0.095
4,0.0217198,0.0961386,0.095
5,0.155557,0.0969828,0.095
6,0.137455,0.172118,0.095
7,-0.0145004,0.0968258,0.095
8,-0.00823046,0.208001,0.095
9,-0.0880329,0.138642,0.095
10,-0.0277421,0.111483,0.095
11,0.178183,0.245832,0.095
12,0.0127132,0.351374,0.095
13,-0.140845,0.125952,0.095
14,0.0948798,0.119071,0.095
15,0.110436,0.146301,0.095
16,0.0356386,0.112516,0.095
17,0.0214946,0.200701,0.095
18,-0.0701394,0.728168,0.095
19,-0.283524,1.17105,0.095
20,-0.0237735,0.489156,0.095
21,0.157681,1.61513,0.095
22,-0.0518045,0.212668,0.095
23,-0.222908,0.207036,0.095
24,-0.046058,0.131036,0.095
25,-0.00454474,0.123402,0.095
26,0.0217166,0.0729584,0.095
27,-0.0733357,0.0851638,0.095
28,-0.0979699,0.037543,0.095
29,0.0161307,0.0456996,0.095
30,-0.104451,0.0695412,0.095
31,0.00686785,0.168053,0.095
32,-0.163339,0.311268,0.095
33,0.161788,0.0942887,0.095
34,0.0995096,0.147973,0.095
35,0.103048,0.0414683,0.095
36,-0.0773983,0.036834,0.095
37,0.0180652,0.0506288,0.095
38,0.0863256,0.118443,0.095
39,-0.0577314,0.151501,0.095
40,0.0115686,0.0776016,0.095
41,0.0900488,0.046831,0.095
42,0.18569,0.0501669,0.095
43,0.0317561,0.149502,0.095
44,-0.0245011,0.0786916,0.095
45,0.0702787,0.0795152,0.095
46,0.0764595,0.0649178,0.095
47,-0.211231,0.158047,0.095
48,0.0178516,0.0875387,0.095
49,0.0464883,0.185264,0.095
50,0.0701275,0.137229,0.095

1,0.145126,0.0608678,0.1
2,-0.0348075,0.0709341,0.1
3,-0.0394672,0.0422825,0.1
4,0.0230508,0.107748,0.1
5,0.164685,0.108939,0.1
6,0.145209,0.190741,0.1
7,-0.0136456,0.107546,0.1
8,-0.00676165,0.227772,0.1
9,-0.0938939,0.154715,0.1
10,-0.0301555,0.122768,0.1
11,0.186515,0.269748,0.1
12,0.0130957,0.389857,0.1
13,-0.148266,0.139103,0.1
14,0.10504,0.131565,0.1
15,0.116467,0.16292,0.1
16,0.0366261,0.126697,0.1
17,0.02182,0.222487,0.1
18,-0.0759177,0.805572,0.1
19,-0.299271,1.28422,0.1
20,-0.0200019,0.550918,0.1
21,0.158261,1.78873,0.1
22,-0.0548538,0.235466,0.1
23,-0.23498,0.229755,0.1
24,-0.0485233,0.144643,0.1
25,-0.00516916,0.127806,0.1
26,0.0213278,0.0804262,0.1
27,-0.0762928,0.0933668,0.1
28,-0.102723,0.0416325,0.1
29,0.0172554,0.0512432,0.1
30,-0.110329,0.078207,0.1
31,0.00726677,0.185672,0.1
32,-0.171389,0.344426,0.1
33,0.170826,0.103582,0.1
34,0.104921,0.163431,0.1
35,0.108641,0.0455383,0.1
36,-0.0818929,0.0408612,0.1
37,0.0194577,0.0562187,0.1
38,0.0904099,0.130859,0.1
39,-0.0612612,0.167581,0.1
40,0.0116069,0.0863053,0.1
41,0.0938208,0.0519376,0.1
42,0.1933,0.0564403,0.1
43,0.0352013,0.165033,0.1
44,-0.0262632,0.087148,0.1
45,0.0823282,0.103785,0.1
46,0.0768885,0.0713213,0.1
47,-0.224936,0.177688,0.1
48,0.0185312,0.0980545,0.1
49,0.0486676,0.206055,0.1
50,0.0733991,0.151586,0.1

